ticket_id,account_id,submitted_at,closed_at,resolution_time_hours,priority,first_response_time_minutes,satisfaction_score,escalation_flag,notes
T-4d04b9,A-e43bf7,2024-07-08,2024-07-09 03:00:00,27.0,urgent,144,,False,
T-c59f77,A-6f8ad2,2024-11-30,2024-12-01 02:00:00,26.0,medium,8,,False,
T-90f06d,A-94c3cd,2023-07-27,2023-07-27 09:00:00,9.0,medium,60,,False,
T-b0edf2,A-7cfe77,2024-05-06,2024-05-07 04:00:00,28.0,medium,150,3.0,False,
T-6bd715,A-4e0e85,2024-05-14,2024-05-16 02:00:00,50.0,medium,129,,False,
T-4e7816,A-05f0e5,2024-10-03,2024-10-04 12:00:00,36.0,low,108,,False,
T-0dea8b,A-671f31,2024-01-24,2024-01-26 12:00:00,60.0,medium,45,3.0,False,
T-462ece,A-b9f5b1,2023-07-17,2023-07-19 03:00:00,51.0,low,50,3.0,True,
T-3b24c1,A-0aaf6e,2024-06-09,2024-06-11 06:00:00,54.0,high,151,3.0,False,
T-bbe374,A-3ce5b8,2024-01-15,2024-01-17 02:00:00,50.0,low,155,,False,
T-98448a,A-462d45,2024-02-10,2024-02-10 18:00:00,18.0,high,99,4.0,False,
T-9bae5a,A-7cfe77,2024-04-14,2024-04-14 23:00:00,23.0,urgent,176,5.0,False,
T-3a2a66,A-e98302,2023-09-15,2023-09-17 18:00:00,66.0,low,150,,False,
T-2e5ba4,A-0be015,2024-12-05,2024-12-05 14:00:00,14.0,low,46,4.0,True,
T-8001a4,A-c9bb3e,2023-05-08,2023-05-08 11:00:00,11.0,urgent,53,4.0,True,
T-61fc87,A-034368,2023-01-13,2023-01-15 17:00:00,65.0,medium,127,3.0,False,
T-00fa83,A-9208f0,2023-04-01,2023-04-03 22:00:00,70.0,low,6,,False,
T-358dd5,A-ced9aa,2023-08-20,2023-08-22 09:00:00,57.0,medium,131,,False,
T-7b7a5a,A-1e50e0,2024-10-02,2024-10-02 19:00:00,19.0,high,170,5.0,True,
T-c9a73c,A-b9f5b1,2024-10-24,2024-10-24 18:00:00,18.0,urgent,86,4.0,False,
T-35fc90,A-e98302,2023-10-23,2023-10-25 19:00:00,67.0,low,121,,False,
T-6ba215,A-56962b,2023-03-24,2023-03-26 18:00:00,66.0,low,73,3.0,False,
T-4f0d98,A-e40f45,2023-03-31,2023-03-31 10:00:00,10.0,urgent,19,,False,
T-ce1dee,A-d792a6,2024-10-10,2024-10-11 08:00:00,32.0,low,126,,False,
T-b7b797,A-bbc346,2024-03-11,2024-03-12 11:00:00,35.0,medium,24,,False,
T-847498,A-7cfe77,2023-07-17,2023-07-19 11:00:00,59.0,high,36,,False,
T-2ef49b,A-cc1d8d,2023-09-15,2023-09-16 21:00:00,45.0,medium,33,5.0,False,
T-0e6db2,A-ccc747,2024-06-27,2024-06-29 12:00:00,60.0,urgent,169,5.0,False,
T-9876fb,A-2e3bad,2024-01-18,2024-01-18 14:00:00,14.0,high,92,,False,
T-2c6679,A-0be015,2024-07-16,2024-07-18 03:00:00,51.0,medium,73,5.0,False,
T-03303d,A-87aa7b,2023-11-29,2023-12-01 11:00:00,59.0,high,7,,True,
T-088eb6,A-ac14bb,2024-03-28,2024-03-28 21:00:00,21.0,high,23,,False,
T-b4bec0,A-117171,2023-08-05,2023-08-06 09:00:00,33.0,urgent,137,,False,
T-938c6d,A-a8d89d,2023-08-19,2023-08-21 12:00:00,60.0,low,132,,False,
T-7d4777,A-66224b,2024-11-20,2024-11-21 16:00:00,40.0,medium,4,3.0,False,
T-3fab11,A-463db0,2023-03-12,2023-03-14 07:00:00,55.0,high,123,5.0,False,
T-826f63,A-f9cc74,2023-07-23,2023-07-26 00:00:00,72.0,low,169,,False,
T-f7ec04,A-ad296b,2023-10-18,2023-10-18 16:00:00,16.0,urgent,74,3.0,True,
T-fcd539,A-7da956,2024-07-12,2024-07-12 21:00:00,21.0,urgent,97,,False,
T-5fb9f7,A-0f7d77,2023-01-06,2023-01-06 19:00:00,19.0,medium,88,,False,
T-8833a5,A-a1b80b,2023-12-02,2023-12-03 10:00:00,34.0,medium,150,4.0,False,
T-ef7c6e,A-f446b6,2024-05-14,2024-05-14 01:00:00,1.0,high,47,5.0,False,
T-290bd4,A-ccc747,2023-06-02,2023-06-02 03:00:00,3.0,medium,18,,False,
T-78b6e2,A-55f257,2023-09-11,2023-09-12 07:00:00,31.0,high,45,5.0,False,
T-667845,A-82861f,2024-09-17,2024-09-17 11:00:00,11.0,urgent,77,3.0,False,
T-5b7600,A-bd4513,2023-08-28,2023-08-29 21:00:00,45.0,medium,127,5.0,False,
T-2a24d4,A-8145a0,2023-08-19,2023-08-19 17:00:00,17.0,urgent,87,3.0,False,
T-a3d1d0,A-c58f49,2023-08-24,2023-08-25 20:00:00,44.0,urgent,54,,False,
T-ade86f,A-e3bd71,2024-01-25,2024-01-25 16:00:00,16.0,low,96,,False,
T-b8e4c5,A-ef84cf,2023-11-03,2023-11-04 10:00:00,34.0,low,98,,False,
T-4a12e6,A-d42431,2024-08-07,2024-08-08 23:00:00,47.0,urgent,108,5.0,False,
T-3bfb51,A-425e76,2024-05-07,2024-05-07 23:00:00,23.0,high,60,,False,
T-167962,A-e3bd71,2023-11-09,2023-11-10 08:00:00,32.0,high,143,3.0,False,
T-701980,A-ced9aa,2023-09-15,2023-09-15 20:00:00,20.0,low,125,3.0,False,
T-5f6c15,A-e43bf7,2024-12-25,2024-12-25 05:00:00,5.0,medium,26,3.0,False,
T-763f2d,A-118f1c,2023-06-22,2023-06-24 16:00:00,64.0,medium,141,3.0,False,
T-b29471,A-44dc83,2023-06-11,2023-06-12 16:00:00,40.0,high,53,4.0,False,
T-c32093,A-313be3,2023-01-27,2023-01-27 08:00:00,8.0,urgent,41,,False,
T-f0f18c,A-ed510f,2023-03-31,2023-04-02 16:00:00,64.0,high,137,,False,
T-5daa6c,A-f44180,2024-04-28,2024-04-29 08:00:00,32.0,low,157,5.0,False,
T-ea0979,A-855a48,2024-06-30,2024-07-01 14:00:00,38.0,urgent,177,,False,
T-0a835d,A-0aaf6e,2023-11-06,2023-11-08 08:00:00,56.0,low,14,,False,
T-6de710,A-7da956,2024-02-04,2024-02-05 18:00:00,42.0,low,55,,False,
T-d319e4,A-eb7c38,2024-03-04,2024-03-05 01:00:00,25.0,low,46,,False,
T-c722ef,A-ced9aa,2023-09-17,2023-09-17 18:00:00,18.0,low,69,,False,
T-100066,A-7f6b86,2023-01-11,2023-01-13 00:00:00,48.0,high,166,,False,
T-e545b2,A-dfbd31,2024-01-09,2024-01-10 21:00:00,45.0,low,158,5.0,False,
T-287b04,A-92a333,2023-05-07,2023-05-08 01:00:00,25.0,low,11,,False,
T-2904e8,A-692f18,2024-11-11,2024-11-11 20:00:00,20.0,low,144,,False,
T-f0d824,A-b9f5b1,2023-12-01,2023-12-02 04:00:00,28.0,urgent,165,3.0,False,
T-05b5f6,A-cc1d8d,2024-03-05,2024-03-06 16:00:00,40.0,high,137,,False,
T-00644f,A-8adedc,2023-05-22,2023-05-24 18:00:00,66.0,medium,62,,False,
T-090534,A-cc8c8f,2023-11-30,2023-11-30 07:00:00,7.0,urgent,143,4.0,False,
T-e23a37,A-855a48,2023-05-11,2023-05-11 13:00:00,13.0,high,55,,False,
T-2c34c5,A-034368,2023-08-29,2023-08-31 17:00:00,65.0,low,34,5.0,False,
T-270c25,A-81edc3,2023-12-19,2023-12-21 21:00:00,69.0,high,56,,False,
T-f3e69b,A-b7ef83,2024-10-03,2024-10-05 19:00:00,67.0,medium,70,,False,
T-da63ee,A-149a69,2023-01-30,2023-01-31 09:00:00,33.0,high,79,5.0,False,
T-44b600,A-eafc6e,2023-07-14,2023-07-16 16:00:00,64.0,medium,136,,False,
T-4d0d5b,A-5a215a,2024-12-06,2024-12-06 12:00:00,12.0,urgent,126,4.0,False,
T-13e2c4,A-92a3af,2024-03-17,2024-03-19 23:00:00,71.0,medium,29,5.0,False,
T-743f15,A-d49cc5,2024-12-21,2024-12-23 16:00:00,64.0,urgent,2,,False,
T-9bf64e,A-3ce5b8,2023-10-07,2023-10-08 05:00:00,29.0,high,87,,False,
T-926ee8,A-5a92e7,2023-06-17,2023-06-19 20:00:00,68.0,high,9,5.0,False,
T-d6ab6c,A-66224b,2023-12-05,2023-12-05 06:00:00,6.0,urgent,58,3.0,False,
T-32b901,A-67be94,2024-11-14,2024-11-16 01:00:00,49.0,high,1,,False,
T-867910,A-3793ee,2024-06-14,2024-06-16 22:00:00,70.0,high,11,4.0,False,
T-316da7,A-1ac5e0,2024-01-15,2024-01-16 11:00:00,35.0,high,44,4.0,False,
T-3517a8,A-702032,2023-07-28,2023-07-30 04:00:00,52.0,medium,43,,False,
T-86c6c6,A-8adedc,2023-08-05,2023-08-07 11:00:00,59.0,high,22,4.0,False,
T-565965,A-3b5cd1,2023-01-11,2023-01-12 17:00:00,41.0,urgent,42,4.0,False,
T-096b66,A-313be3,2023-06-27,2023-06-27 06:00:00,6.0,urgent,69,,False,
T-495585,A-acb7f7,2024-01-27,2024-01-27 23:00:00,23.0,medium,31,3.0,False,
T-d5352f,A-c1e51e,2023-01-23,2023-01-25 05:00:00,53.0,high,148,3.0,False,
T-bde8aa,A-781cc0,2024-08-01,2024-08-02 07:00:00,31.0,high,133,,False,
T-361edc,A-eb7fac,2023-03-18,2023-03-18 23:00:00,23.0,low,112,,False,
T-9bfb24,A-ad64c6,2024-07-02,2024-07-04 20:00:00,68.0,high,2,5.0,False,
T-ac4493,A-66224b,2023-08-12,2023-08-14 05:00:00,53.0,medium,172,4.0,False,
T-6f11a3,A-a1b80b,2023-05-13,2023-05-15 10:00:00,58.0,urgent,18,,False,
T-c127ef,A-149a69,2024-10-01,2024-10-02 01:00:00,25.0,high,170,4.0,False,
T-6858fa,A-034368,2024-05-04,2024-05-05 00:00:00,24.0,medium,51,,False,
T-6ec2a9,A-9208f0,2023-06-21,2023-06-23 22:00:00,70.0,low,3,,False,
T-116af1,A-dcc2f0,2024-05-08,2024-05-10 04:00:00,52.0,urgent,93,,False,
T-d32d8c,A-c1e51e,2023-01-04,2023-01-05 01:00:00,25.0,urgent,55,4.0,False,
T-7f088c,A-4e44e8,2023-06-21,2023-06-23 23:00:00,71.0,low,175,4.0,False,
T-4a0f02,A-186a44,2023-01-21,2023-01-23 03:00:00,51.0,urgent,61,,False,
T-ef0a78,A-ad296b,2024-09-09,2024-09-10 14:00:00,38.0,medium,81,3.0,False,
T-a39933,A-ed510f,2023-01-31,2023-02-01 20:00:00,44.0,urgent,129,5.0,False,
T-8d3d46,A-30b4ca,2024-09-02,2024-09-04 16:00:00,64.0,medium,131,,False,
T-c0ce04,A-94f8c9,2024-08-30,2024-09-01 03:00:00,51.0,urgent,29,,False,
T-2b1a0a,A-89ee83,2024-10-05,2024-10-05 13:00:00,13.0,medium,35,4.0,True,
T-af95b8,A-58b9ff,2023-11-30,2023-12-02 17:00:00,65.0,low,120,4.0,False,
T-471c3e,A-3ce5b8,2024-08-15,2024-08-16 17:00:00,41.0,high,89,4.0,False,
T-ac5eaa,A-55f257,2023-05-22,2023-05-23 12:00:00,36.0,urgent,144,5.0,False,
T-3a3aa1,A-3b5cd1,2023-10-21,2023-10-21 09:00:00,9.0,low,24,4.0,False,
T-48f8ab,A-dcc2f0,2023-07-20,2023-07-20 02:00:00,2.0,medium,107,,False,
T-35ba6a,A-ab438f,2024-03-03,2024-03-03 04:00:00,4.0,urgent,139,3.0,False,
T-690c29,A-c222ab,2024-12-01,2024-12-03 23:00:00,71.0,medium,77,5.0,False,
T-b2b3fd,A-7df7a7,2024-03-19,2024-03-20 02:00:00,26.0,high,132,3.0,True,
T-b78a44,A-9208f0,2023-09-27,2023-09-28 08:00:00,32.0,medium,103,4.0,False,
T-a80500,A-fce879,2023-01-16,2023-01-17 05:00:00,29.0,medium,74,3.0,False,
T-cfae4d,A-fdfc91,2023-01-27,2023-01-28 20:00:00,44.0,urgent,55,4.0,False,
T-ef99b1,A-eb1312,2023-09-04,2023-09-06 20:00:00,68.0,low,117,5.0,False,
T-bd64bb,A-5a92e7,2023-04-25,2023-04-27 19:00:00,67.0,urgent,172,5.0,False,
T-742fdb,A-fdfc91,2024-11-17,2024-11-17 23:00:00,23.0,urgent,120,3.0,False,
T-a7ce4a,A-034368,2023-07-01,2023-07-01 19:00:00,19.0,high,124,,False,
T-d6c9b1,A-a6d261,2024-02-09,2024-02-09 01:00:00,1.0,high,32,5.0,False,
T-8206e8,A-e43bf7,2024-06-17,2024-06-18 14:00:00,38.0,low,86,,False,
T-bdc427,A-56962b,2023-01-23,2023-01-25 18:00:00,66.0,high,79,,False,
T-967ccc,A-acb7f7,2023-12-28,2023-12-30 02:00:00,50.0,urgent,144,4.0,False,
T-926c1c,A-eb7c38,2024-05-13,2024-05-14 12:00:00,36.0,medium,119,5.0,False,
T-fcd24e,A-f1f639,2024-12-05,2024-12-05 22:00:00,22.0,high,27,5.0,False,
T-6db04f,A-ed510f,2023-07-06,2023-07-08 12:00:00,60.0,urgent,46,,False,
T-d89dd4,A-6dee43,2023-11-07,2023-11-08 17:00:00,41.0,urgent,64,5.0,False,
T-c8c1c0,A-f446b6,2023-07-28,2023-07-28 14:00:00,14.0,low,25,,False,
T-8402a1,A-1e6fc3,2023-04-25,2023-04-25 08:00:00,8.0,low,122,,False,
T-935cb7,A-5f7781,2024-08-14,2024-08-16 03:00:00,51.0,high,21,4.0,False,
T-699109,A-ced9aa,2024-05-14,2024-05-15 10:00:00,34.0,urgent,54,,False,
T-37b102,A-0be015,2023-04-02,2023-04-03 00:00:00,24.0,high,133,4.0,False,
T-76ee80,A-fce879,2024-07-17,2024-07-18 03:00:00,27.0,urgent,49,5.0,False,
T-adcdc9,A-adc1f3,2023-06-12,2023-06-14 23:00:00,71.0,urgent,25,4.0,False,
T-6d98ab,A-ced9aa,2023-12-22,2023-12-23 22:00:00,46.0,high,124,,False,
T-4bf7c6,A-463db0,2024-08-15,2024-08-15 04:00:00,4.0,low,171,4.0,False,
T-0ca62f,A-e40f45,2023-08-31,2023-09-01 05:00:00,29.0,urgent,114,5.0,False,
T-1c2c18,A-ed510f,2024-03-28,2024-03-30 08:00:00,56.0,urgent,122,,False,
T-e07558,A-296d7c,2024-04-27,2024-04-27 14:00:00,14.0,urgent,31,3.0,False,
T-d6be94,A-30b4ca,2023-05-05,2023-05-07 09:00:00,57.0,medium,125,4.0,False,
T-e6c083,A-443b7c,2024-05-16,2024-05-17 18:00:00,42.0,high,81,5.0,False,
T-2ae381,A-f3ff05,2023-07-12,2023-07-14 02:00:00,50.0,medium,108,3.0,False,
T-f14a3d,A-0be015,2023-04-13,2023-04-13 13:00:00,13.0,urgent,123,,False,
T-7b4c85,A-5a215a,2023-07-26,2023-07-28 16:00:00,64.0,urgent,18,,False,
T-d51f64,A-558c72,2024-08-28,2024-08-30 12:00:00,60.0,low,30,,False,
T-9a1036,A-443b7c,2023-01-24,2023-01-25 07:00:00,31.0,urgent,51,5.0,False,
T-ba404b,A-8145a0,2023-01-06,2023-01-06 11:00:00,11.0,low,30,5.0,False,
T-9d4edb,A-9174e0,2023-06-09,2023-06-11 05:00:00,53.0,low,173,,False,
T-df66b4,A-425e76,2023-10-05,2023-10-08 00:00:00,72.0,high,160,3.0,False,
T-c28542,A-d49cc5,2024-07-18,2024-07-20 04:00:00,52.0,medium,32,4.0,False,
T-604490,A-f9cc74,2024-09-13,2024-09-15 10:00:00,58.0,low,115,4.0,False,
T-a14a68,A-86fc1d,2023-08-15,2023-08-17 16:00:00,64.0,high,38,3.0,False,
T-0e6900,A-d42431,2023-02-28,2023-03-01 06:00:00,30.0,medium,20,,False,
T-a5e537,A-186a44,2023-04-22,2023-04-24 14:00:00,62.0,high,176,3.0,False,
T-7e77dc,A-7cfe77,2023-12-23,2023-12-23 19:00:00,19.0,medium,42,,False,
T-f6909c,A-5a92e7,2023-05-18,2023-05-19 23:00:00,47.0,medium,9,5.0,False,
T-154975,A-313be3,2023-07-16,2023-07-17 13:00:00,37.0,urgent,70,,False,
T-95452e,A-aa9511,2023-08-09,2023-08-11 09:00:00,57.0,urgent,61,,False,
T-da0863,A-1e6fc3,2023-12-30,2023-12-30 22:00:00,22.0,high,2,5.0,False,
T-1acc04,A-8145a0,2023-08-08,2023-08-08 19:00:00,19.0,high,85,,False,
T-20d740,A-8145a0,2024-02-02,2024-02-03 14:00:00,38.0,medium,119,,False,
T-df87ef,A-67be94,2023-03-03,2023-03-05 20:00:00,68.0,high,7,5.0,False,
T-035748,A-e98302,2023-09-25,2023-09-27 08:00:00,56.0,urgent,133,4.0,False,
T-e41843,A-c9bb3e,2023-07-22,2023-07-23 06:00:00,30.0,high,119,4.0,False,
T-38714f,A-fe79a5,2024-12-25,2024-12-25 07:00:00,7.0,high,63,,False,
T-98be51,A-5790f4,2024-07-07,2024-07-09 22:00:00,70.0,medium,13,4.0,False,
T-bb7fa9,A-7f6b86,2024-09-17,2024-09-19 09:00:00,57.0,high,81,4.0,False,
T-0a3847,A-49b828,2024-10-04,2024-10-04 09:00:00,9.0,medium,20,3.0,True,
T-791dc9,A-0aaf6e,2023-03-29,2023-03-30 20:00:00,44.0,low,127,,False,
T-b25f66,A-f3ff05,2023-12-17,2023-12-19 03:00:00,51.0,low,104,4.0,False,
T-992cf9,A-c9bb3e,2024-12-14,2024-12-14 16:00:00,16.0,medium,21,4.0,False,
T-e46e71,A-9badbd,2023-10-19,2023-10-19 17:00:00,17.0,urgent,125,,False,
T-a45f3e,A-d792a6,2024-02-11,2024-02-12 21:00:00,45.0,urgent,174,4.0,False,
T-210819,A-ed510f,2024-09-13,2024-09-13 11:00:00,11.0,medium,87,4.0,False,
T-7cdb82,A-bd4513,2023-04-26,2023-04-28 23:00:00,71.0,medium,37,4.0,False,
T-45239b,A-7f6b86,2024-10-28,2024-10-30 17:00:00,65.0,high,29,,False,
T-112307,A-9badbd,2023-10-12,2023-10-14 08:00:00,56.0,urgent,37,5.0,False,
T-4cf1f9,A-d792a6,2024-12-29,2024-12-29 14:00:00,14.0,urgent,125,,False,
T-ae29f6,A-9a532a,2023-09-12,2023-09-13 21:00:00,45.0,high,176,,False,
T-66d5a0,A-671f31,2024-03-01,2024-03-01 17:00:00,17.0,urgent,153,,False,
T-62614c,A-89ee83,2023-08-02,2023-08-02 11:00:00,11.0,urgent,32,,False,
T-6b831b,A-9208f0,2024-12-12,2024-12-14 19:00:00,67.0,low,57,3.0,False,
T-c59e1a,A-40906c,2024-10-20,2024-10-21 13:00:00,37.0,low,127,3.0,False,
T-abd0a8,A-0354fe,2024-11-30,2024-11-30 01:00:00,1.0,high,107,3.0,False,
T-7bb8d5,A-1ac5e0,2024-09-03,2024-09-04 09:00:00,33.0,medium,50,4.0,False,
T-7b09d9,A-e19ff6,2024-01-09,2024-01-09 09:00:00,9.0,high,162,5.0,False,
T-9e2480,A-328bd0,2024-08-24,2024-08-26 22:00:00,70.0,high,26,4.0,False,
T-baf332,A-8145a0,2023-01-09,2023-01-09 18:00:00,18.0,medium,98,,False,
T-5d46d9,A-fdfc91,2023-06-13,2023-06-13 11:00:00,11.0,high,148,,False,
T-bc6854,A-d3c88e,2023-12-15,2023-12-17 01:00:00,49.0,high,98,,False,
T-4ecb7b,A-acb7f7,2023-08-19,2023-08-21 02:00:00,50.0,low,98,,False,
T-161f9c,A-6c093d,2024-07-11,2024-07-12 03:00:00,27.0,high,6,,False,
T-1e8229,A-5790f4,2023-08-21,2023-08-21 04:00:00,4.0,medium,3,,False,
T-aac2ca,A-18793f,2023-03-04,2023-03-05 14:00:00,38.0,low,155,4.0,False,
T-6d8b81,A-117171,2023-11-04,2023-11-05 20:00:00,44.0,high,52,,True,
T-2006d9,A-e40f45,2023-02-16,2023-02-18 00:00:00,48.0,high,157,,False,
T-01e321,A-3ce5b8,2024-06-01,2024-06-02 22:00:00,46.0,medium,80,4.0,False,
T-14571c,A-02fac6,2023-11-01,2023-11-02 12:00:00,36.0,low,176,5.0,False,
T-0fc8f9,A-fda07f,2023-11-28,2023-11-29 06:00:00,30.0,medium,110,3.0,False,
T-db2c10,A-0aaf6e,2024-10-13,2024-10-15 11:00:00,59.0,low,47,5.0,False,
T-cce7ba,A-17939a,2024-08-14,2024-08-16 05:00:00,53.0,urgent,150,,False,
T-673852,A-4e44e8,2024-09-15,2024-09-15 02:00:00,2.0,low,10,3.0,False,
T-d75ceb,A-9b9fe9,2024-07-26,2024-07-27 09:00:00,33.0,urgent,158,3.0,False,
T-49a11d,A-6c093d,2024-05-08,2024-05-09 12:00:00,36.0,medium,123,5.0,False,
T-274cf7,A-781cc0,2024-01-28,2024-01-30 23:00:00,71.0,low,9,3.0,False,
T-37d585,A-0f7d77,2023-11-23,2023-11-25 04:00:00,52.0,high,138,5.0,False,
T-d80a44,A-58b9ff,2023-02-04,2023-02-06 19:00:00,67.0,medium,38,,True,
T-e1d305,A-149a69,2023-06-16,2023-06-17 22:00:00,46.0,urgent,114,3.0,False,
T-0cf3e3,A-0be015,2023-03-23,2023-03-25 18:00:00,66.0,medium,53,4.0,False,
T-c895a0,A-5a92e7,2024-10-10,2024-10-10 22:00:00,22.0,medium,3,3.0,False,
T-6684a4,A-cc8c8f,2023-11-19,2023-11-19 22:00:00,22.0,urgent,103,3.0,False,
T-79975c,A-10b8f2,2023-12-26,2023-12-28 20:00:00,68.0,low,116,5.0,False,
T-4a7bb7,A-6c093d,2023-02-27,2023-03-01 10:00:00,58.0,high,76,,True,
T-8027c4,A-66224b,2024-02-29,2024-03-01 04:00:00,28.0,low,113,3.0,False,
T-8ccee6,A-6e08f3,2023-04-07,2023-04-08 02:00:00,26.0,urgent,122,3.0,False,
T-cdfd31,A-1d5444,2024-12-11,2024-12-11 05:00:00,5.0,high,96,,False,
T-3804b6,A-e98302,2023-06-28,2023-06-28 03:00:00,3.0,high,40,5.0,False,
T-09eea1,A-328bd0,2024-02-18,2024-02-19 16:00:00,40.0,medium,106,4.0,False,
T-e4b581,A-ef84cf,2024-11-02,2024-11-02 16:00:00,16.0,low,11,4.0,True,
T-21da91,A-b9f5b1,2024-08-09,2024-08-10 08:00:00,32.0,low,121,3.0,False,
T-0854a1,A-0354fe,2024-04-11,2024-04-13 14:00:00,62.0,high,78,,False,
T-f932f6,A-ef84cf,2023-08-07,2023-08-07 03:00:00,3.0,urgent,91,4.0,False,
T-6a7af3,A-d49cc5,2024-05-15,2024-05-15 05:00:00,5.0,urgent,134,5.0,False,
T-72295c,A-ad64c6,2024-04-20,2024-04-20 04:00:00,4.0,medium,60,,False,
T-d7ff1e,A-558c72,2024-05-03,2024-05-05 23:00:00,71.0,urgent,91,4.0,False,
T-4cc0d7,A-558c72,2023-09-08,2023-09-10 12:00:00,60.0,medium,113,5.0,True,
T-6b7933,A-b7ef83,2024-01-24,2024-01-25 04:00:00,28.0,urgent,88,4.0,False,
T-9703b6,A-7df7a7,2023-07-04,2023-07-04 08:00:00,8.0,urgent,142,4.0,False,
T-f10d70,A-fda07f,2024-09-01,2024-09-01 06:00:00,6.0,high,3,4.0,False,
T-f09f22,A-ef84cf,2024-10-27,2024-10-29 14:00:00,62.0,urgent,54,5.0,False,
T-0e1c0e,A-69b156,2024-07-06,2024-07-08 16:00:00,64.0,high,161,5.0,False,
T-e496a8,A-117171,2024-08-22,2024-08-22 22:00:00,22.0,medium,34,,False,
T-de489a,A-692f18,2024-07-28,2024-07-30 07:00:00,55.0,high,96,5.0,False,
T-dbe987,A-463db0,2023-02-22,2023-02-24 21:00:00,69.0,medium,25,,False,
T-17b048,A-443b7c,2023-08-23,2023-08-24 00:00:00,24.0,urgent,44,3.0,False,
T-866db3,A-f446b6,2023-12-20,2023-12-20 22:00:00,22.0,low,106,4.0,False,
T-ad077a,A-6dee43,2023-10-16,2023-10-17 00:00:00,24.0,urgent,12,3.0,False,
T-cd1aee,A-1ac5e0,2023-08-05,2023-08-05 06:00:00,6.0,high,99,3.0,False,
T-ff778b,A-9badbd,2024-10-12,2024-10-12 16:00:00,16.0,low,47,,False,
T-e67195,A-3ce5b8,2024-10-25,2024-10-27 02:00:00,50.0,low,156,3.0,False,
T-ae7b6e,A-4e44e8,2023-02-18,2023-02-18 21:00:00,21.0,urgent,45,3.0,False,
T-963409,A-5a92e7,2023-04-01,2023-04-01 17:00:00,17.0,urgent,127,4.0,False,
T-202a0d,A-17939a,2023-12-30,2023-12-31 10:00:00,34.0,medium,7,,False,
T-12b388,A-0354fe,2024-11-07,2024-11-07 15:00:00,15.0,medium,14,,False,
T-34421f,A-02fac6,2024-05-18,2024-05-18 16:00:00,16.0,high,179,3.0,False,
T-f925c6,A-425e76,2023-02-14,2023-02-14 16:00:00,16.0,high,162,4.0,True,
T-b6633c,A-02fac6,2024-02-18,2024-02-19 10:00:00,34.0,urgent,107,,False,
T-5dbf5b,A-7cfe77,2023-03-15,2023-03-16 14:00:00,38.0,high,154,3.0,False,
T-ecf597,A-d42431,2023-01-29,2023-01-29 10:00:00,10.0,high,174,3.0,False,
T-1ba73b,A-e40f45,2023-11-20,2023-11-20 03:00:00,3.0,medium,75,3.0,False,
T-c863f8,A-94f8c9,2023-11-12,2023-11-14 21:00:00,69.0,low,141,5.0,False,
T-c400c4,A-7f6b86,2023-05-18,2023-05-18 15:00:00,15.0,high,39,,False,
T-f29fb2,A-186a44,2024-03-30,2024-04-01 05:00:00,53.0,medium,103,,False,
T-464084,A-1f0636,2024-04-27,2024-04-29 12:00:00,60.0,high,82,4.0,False,
T-6e3b72,A-3b5cd1,2023-01-27,2023-01-27 03:00:00,3.0,medium,22,,False,
T-be97e7,A-7d514c,2024-03-20,2024-03-20 05:00:00,5.0,low,87,5.0,False,
T-5ceae7,A-92a3af,2024-06-13,2024-06-14 07:00:00,31.0,high,10,3.0,False,
T-095fc4,A-9208f0,2023-03-01,2023-03-02 16:00:00,40.0,urgent,100,,False,
T-e6b94b,A-7cfe77,2024-10-12,2024-10-13 23:00:00,47.0,low,143,3.0,False,
T-7048cb,A-adc1f3,2023-03-10,2023-03-10 01:00:00,1.0,low,41,3.0,False,
T-c786ff,A-c222ab,2024-12-26,2024-12-27 15:00:00,39.0,urgent,152,,False,
T-f39a06,A-96e141,2024-03-07,2024-03-09 22:00:00,70.0,medium,58,,False,
T-203b1e,A-69b156,2024-06-12,2024-06-14 00:00:00,48.0,high,92,4.0,False,
T-0d73d3,A-ef84cf,2024-03-11,2024-03-13 11:00:00,59.0,low,143,,False,
T-3b09c6,A-49b828,2023-11-04,2023-11-05 02:00:00,26.0,medium,93,,False,
T-946568,A-e40f45,2023-01-02,2023-01-03 03:00:00,27.0,medium,24,,False,
T-1d4ad7,A-0be015,2024-01-04,2024-01-06 20:00:00,68.0,urgent,44,4.0,False,
T-69bbea,A-02fac6,2023-03-03,2023-03-03 16:00:00,16.0,medium,43,,False,
T-b0f248,A-0be015,2024-11-26,2024-11-27 22:00:00,46.0,high,122,,False,
T-7e129c,A-df10db,2023-12-04,2023-12-06 20:00:00,68.0,medium,46,3.0,True,
T-113483,A-1e50e0,2024-10-29,2024-10-29 22:00:00,22.0,urgent,116,,False,
T-fc3f98,A-6f8ad2,2023-07-12,2023-07-14 02:00:00,50.0,urgent,17,4.0,False,
T-466cea,A-ced9aa,2023-11-23,2023-11-23 10:00:00,10.0,medium,70,,False,
T-8caacd,A-eb7c38,2023-08-16,2023-08-16 05:00:00,5.0,urgent,56,,False,
T-87f0f2,A-425e76,2024-02-18,2024-02-20 22:00:00,70.0,medium,164,3.0,False,
T-5df8d7,A-a6d261,2024-12-05,2024-12-07 01:00:00,49.0,medium,3,4.0,False,
T-7098db,A-117171,2024-12-12,2024-12-14 01:00:00,49.0,low,95,4.0,False,
T-ddcfa7,A-40906c,2024-05-26,2024-05-26 06:00:00,6.0,medium,84,3.0,False,
T-4f2be5,A-3ce5b8,2023-04-07,2023-04-08 21:00:00,45.0,medium,137,5.0,False,
T-91aaf3,A-e1462e,2023-04-18,2023-04-20 19:00:00,67.0,high,122,4.0,False,
T-3c3935,A-c1e51e,2023-01-29,2023-01-30 02:00:00,26.0,urgent,15,3.0,False,
T-59dfb0,A-82861f,2024-12-18,2024-12-20 11:00:00,59.0,medium,24,3.0,False,
T-9e0fbe,A-42b791,2023-12-12,2023-12-13 14:00:00,38.0,urgent,34,3.0,False,
T-011d44,A-dfbd31,2024-03-29,2024-03-29 13:00:00,13.0,low,159,4.0,False,
T-371908,A-d49cc5,2024-04-13,2024-04-13 07:00:00,7.0,low,53,,False,
T-eaf4bf,A-f446b6,2023-07-26,2023-07-27 23:00:00,47.0,urgent,114,5.0,False,
T-36a591,A-18793f,2023-12-09,2023-12-10 21:00:00,45.0,low,99,3.0,False,
T-9dc012,A-fda07f,2023-09-24,2023-09-24 12:00:00,12.0,high,2,,False,
T-d2dda8,A-81edc3,2023-07-01,2023-07-02 05:00:00,29.0,high,75,3.0,False,
T-2e8ffa,A-56962b,2023-08-15,2023-08-15 05:00:00,5.0,medium,153,,False,
T-accc3f,A-53f4e3,2024-01-20,2024-01-21 12:00:00,36.0,urgent,55,4.0,False,
T-02ebc4,A-0354fe,2023-01-20,2023-01-20 02:00:00,2.0,low,78,5.0,False,
T-2859a9,A-c1e51e,2024-10-29,2024-10-31 16:00:00,64.0,urgent,59,3.0,False,
T-fc38c0,A-a1b80b,2023-01-21,2023-01-22 12:00:00,36.0,low,107,3.0,False,
T-f79198,A-0f7d77,2023-11-30,2023-12-01 01:00:00,25.0,medium,17,,False,
T-c961eb,A-f9cc74,2024-12-09,2024-12-11 02:00:00,50.0,medium,26,3.0,False,
T-5d144c,A-462d45,2023-09-18,2023-09-19 00:00:00,24.0,urgent,43,,False,
T-4616b9,A-17939a,2024-02-06,2024-02-08 18:00:00,66.0,high,105,5.0,False,
T-b8a88e,A-94c3cd,2023-03-20,2023-03-22 07:00:00,55.0,medium,175,4.0,False,
T-86e8cc,A-ced9aa,2023-07-20,2023-07-20 17:00:00,17.0,low,147,,False,
T-e18407,A-3b5cd1,2024-12-21,2024-12-23 12:00:00,60.0,urgent,92,,False,
T-c39af4,A-149a69,2024-10-19,2024-10-21 17:00:00,65.0,low,59,,False,
T-f45502,A-781cc0,2024-08-17,2024-08-19 16:00:00,64.0,high,120,5.0,False,
T-e6d7c6,A-c58f49,2024-08-13,2024-08-13 13:00:00,13.0,medium,95,5.0,False,
T-0f7d84,A-a6d261,2024-10-27,2024-10-29 00:00:00,48.0,medium,81,,False,
T-ac52cc,A-87aa7b,2024-03-19,2024-03-19 01:00:00,1.0,medium,64,,False,
T-e8ac58,A-1ac5e0,2023-01-10,2023-01-11 21:00:00,45.0,medium,21,5.0,False,
T-cddf95,A-bcf87c,2024-01-09,2024-01-11 22:00:00,70.0,medium,40,3.0,False,
T-c6ee94,A-f446b6,2024-11-25,2024-11-25 18:00:00,18.0,high,127,,True,
T-2537ea,A-5a3eb9,2023-04-15,2023-04-16 16:00:00,40.0,high,71,,False,
T-4d29dc,A-5a92e7,2023-01-04,2023-01-05 01:00:00,25.0,urgent,147,,False,
T-ce9e96,A-7a0d69,2024-04-25,2024-04-25 22:00:00,22.0,high,22,5.0,False,
T-d3a975,A-3ce5b8,2023-10-08,2023-10-09 10:00:00,34.0,urgent,169,3.0,False,
T-0313d4,A-ad64c6,2024-11-04,2024-11-06 04:00:00,52.0,medium,173,,False,
T-67350b,A-8adedc,2024-08-19,2024-08-19 18:00:00,18.0,low,19,,False,
T-91edfc,A-92a3af,2024-03-30,2024-04-01 09:00:00,57.0,medium,68,,True,
T-51cf8c,A-fe79a5,2023-05-25,2023-05-25 07:00:00,7.0,medium,123,5.0,False,
T-4e9902,A-42b791,2023-06-22,2023-06-22 13:00:00,13.0,high,162,5.0,False,
T-9a49dd,A-3ce5b8,2023-05-08,2023-05-09 18:00:00,42.0,high,65,4.0,False,
T-20d400,A-c9bb3e,2023-10-14,2023-10-15 11:00:00,35.0,high,169,,False,
T-437e48,A-9174e0,2024-10-30,2024-10-31 01:00:00,25.0,urgent,161,5.0,False,
T-b9ca29,A-e98302,2024-08-28,2024-08-30 16:00:00,64.0,low,37,4.0,False,
T-f9f1f5,A-e19ff6,2023-04-21,2023-04-23 03:00:00,51.0,high,109,4.0,False,
T-437b2d,A-95b24a,2023-11-06,2023-11-07 09:00:00,33.0,high,12,3.0,False,
T-99ec8e,A-f9cc74,2024-11-14,2024-11-16 15:00:00,63.0,low,129,3.0,False,
T-27d929,A-10b8f2,2023-11-10,2023-11-12 11:00:00,59.0,urgent,26,5.0,False,
T-6faf48,A-7c83a1,2024-04-21,2024-04-21 03:00:00,3.0,high,82,5.0,False,
T-9eecab,A-f3ff05,2023-07-17,2023-07-18 03:00:00,27.0,high,122,,False,
T-da9234,A-7da956,2024-04-20,2024-04-21 11:00:00,35.0,medium,112,5.0,False,
T-298948,A-fdfc91,2024-02-06,2024-02-08 05:00:00,53.0,urgent,105,4.0,False,
T-21611f,A-82861f,2023-01-27,2023-01-28 05:00:00,29.0,low,19,3.0,False,
T-2708ab,A-96e141,2023-11-07,2023-11-07 08:00:00,8.0,medium,42,4.0,False,
T-5e7096,A-44dc83,2023-10-18,2023-10-19 23:00:00,47.0,low,35,,False,
T-f2e96f,A-96e141,2023-04-24,2023-04-24 17:00:00,17.0,urgent,130,,False,
T-b9e44a,A-1ac5e0,2023-06-10,2023-06-12 14:00:00,62.0,medium,13,,False,
T-82ae01,A-49b828,2023-06-03,2023-06-03 06:00:00,6.0,medium,150,4.0,False,
T-45e6da,A-1e6fc3,2024-03-08,2024-03-09 09:00:00,33.0,low,120,3.0,False,
T-b5aa6f,A-7c83a1,2023-02-14,2023-02-15 20:00:00,44.0,low,85,4.0,False,
T-93a37f,A-95b24a,2023-08-08,2023-08-08 09:00:00,9.0,high,74,,False,
T-db00f6,A-c1e51e,2024-08-13,2024-08-14 08:00:00,32.0,urgent,101,3.0,False,
T-bb3cde,A-bbc346,2023-06-09,2023-06-11 02:00:00,50.0,urgent,128,4.0,False,
T-4336b6,A-ed510f,2024-06-22,2024-06-24 09:00:00,57.0,low,19,,False,
T-a80aac,A-443b7c,2023-06-18,2023-06-19 11:00:00,35.0,medium,12,,False,
T-0a9b1f,A-9208f0,2023-01-27,2023-01-27 19:00:00,19.0,medium,166,,True,
T-fa88e4,A-95b24a,2024-03-14,2024-03-14 08:00:00,8.0,high,122,5.0,False,
T-07f485,A-55f257,2024-06-03,2024-06-05 05:00:00,53.0,urgent,150,5.0,False,
T-8d4c7f,A-f446b6,2023-10-31,2023-11-02 07:00:00,55.0,urgent,68,,False,
T-a9fa22,A-9a532a,2023-05-04,2023-05-06 22:00:00,70.0,low,81,,False,
T-650a6d,A-fe79a5,2023-04-10,2023-04-12 18:00:00,66.0,high,26,5.0,False,
T-e12097,A-86fc1d,2024-08-03,2024-08-04 02:00:00,26.0,urgent,29,5.0,False,
T-9e1726,A-5fe118,2023-07-25,2023-07-25 19:00:00,19.0,urgent,26,4.0,False,
T-e45d87,A-296d7c,2024-07-08,2024-07-09 04:00:00,28.0,low,139,5.0,False,
T-73db23,A-89ee83,2023-01-26,2023-01-27 05:00:00,29.0,urgent,146,,False,
T-418d3f,A-e98302,2023-06-29,2023-06-29 16:00:00,16.0,medium,84,4.0,False,
T-22724b,A-94c3cd,2024-08-17,2024-08-19 13:00:00,61.0,high,145,3.0,False,
T-57b938,A-dfbd31,2023-07-22,2023-07-24 17:00:00,65.0,high,145,,False,
T-383e2b,A-86fc1d,2024-12-24,2024-12-24 17:00:00,17.0,urgent,140,,False,
T-f93d8a,A-e83938,2023-12-23,2023-12-23 08:00:00,8.0,medium,41,,False,
T-4adbf1,A-149a69,2023-03-22,2023-03-24 05:00:00,53.0,urgent,169,,False,
T-67bfa4,A-eb7fac,2024-04-23,2024-04-24 13:00:00,37.0,urgent,75,4.0,False,
T-9f2d91,A-2e3bad,2024-09-20,2024-09-20 18:00:00,18.0,low,110,,False,
T-d9f5fb,A-ab438f,2024-06-28,2024-06-30 15:00:00,63.0,urgent,86,4.0,False,
T-4dc68c,A-1f0ac7,2024-04-12,2024-04-12 14:00:00,14.0,low,174,,False,
T-9b3a8d,A-f1f639,2024-04-21,2024-04-21 21:00:00,21.0,urgent,90,4.0,False,
T-a9e396,A-8adedc,2023-03-28,2023-03-30 06:00:00,54.0,low,124,,False,
T-ff4462,A-702032,2024-07-23,2024-07-23 03:00:00,3.0,high,140,,False,
T-e8df78,A-e83938,2024-12-01,2024-12-01 03:00:00,3.0,low,52,3.0,False,
T-559617,A-69b156,2023-07-15,2023-07-15 20:00:00,20.0,high,30,,False,
T-aba492,A-3793ee,2023-09-14,2023-09-14 09:00:00,9.0,low,36,,False,
T-13b65c,A-e43bf7,2024-04-24,2024-04-24 18:00:00,18.0,urgent,135,5.0,True,
T-19c13c,A-fdfc91,2023-04-27,2023-04-27 13:00:00,13.0,urgent,177,,False,
T-8934e8,A-92a3af,2024-04-22,2024-04-24 23:00:00,71.0,medium,49,,False,
T-9d9a08,A-66224b,2024-03-22,2024-03-24 18:00:00,66.0,urgent,105,3.0,False,
T-27d2a6,A-fda07f,2024-04-21,2024-04-22 07:00:00,31.0,low,102,,False,
T-da4f37,A-69b156,2024-09-01,2024-09-01 09:00:00,9.0,low,161,4.0,False,
T-60c7c9,A-02fac6,2023-10-17,2023-10-18 04:00:00,28.0,low,45,,False,
T-c67fd7,A-d3c88e,2024-06-28,2024-06-30 05:00:00,53.0,urgent,30,,False,
T-baea58,A-6e08f3,2024-08-22,2024-08-23 23:00:00,47.0,low,152,4.0,False,
T-d85104,A-f9cc74,2024-06-18,2024-06-18 23:00:00,23.0,low,151,5.0,False,
T-81b73d,A-ccc747,2023-01-28,2023-01-30 13:00:00,61.0,medium,9,,False,
T-6b989d,A-328bd0,2024-09-06,2024-09-08 17:00:00,65.0,high,49,,False,
T-1103cb,A-40906c,2024-08-01,2024-08-01 05:00:00,5.0,low,113,5.0,False,
T-7a5dca,A-d792a6,2023-11-02,2023-11-04 19:00:00,67.0,high,28,,False,
T-06d051,A-cc1d8d,2024-01-24,2024-01-24 01:00:00,1.0,medium,94,,False,
T-742d41,A-149a69,2024-09-27,2024-09-27 09:00:00,9.0,medium,63,5.0,False,
T-204881,A-671f31,2024-07-24,2024-07-25 04:00:00,28.0,urgent,80,5.0,False,
T-3aa7e7,A-69b156,2024-02-28,2024-02-29 09:00:00,33.0,low,96,,False,
T-83656f,A-117171,2023-12-19,2023-12-20 10:00:00,34.0,low,33,4.0,False,
T-56fa73,A-2e3bad,2023-05-03,2023-05-05 23:00:00,71.0,low,49,4.0,False,
T-519f79,A-702032,2024-07-09,2024-07-09 13:00:00,13.0,low,176,3.0,False,
T-db5a57,A-66224b,2024-10-17,2024-10-18 22:00:00,46.0,high,43,5.0,False,
T-b52bf0,A-855a48,2023-11-03,2023-11-04 10:00:00,34.0,high,157,4.0,False,
T-a2a84a,A-d792a6,2023-03-30,2023-03-31 21:00:00,45.0,medium,36,4.0,False,
T-c18da8,A-7f6b86,2024-07-19,2024-07-19 02:00:00,2.0,high,91,,False,
T-4630ac,A-67be94,2023-07-20,2023-07-21 09:00:00,33.0,urgent,47,,False,
T-d65b5b,A-328bd0,2024-03-06,2024-03-07 23:00:00,47.0,medium,103,3.0,False,
T-42efc2,A-2e3bad,2024-01-08,2024-01-08 23:00:00,23.0,high,159,,False,
T-93c07c,A-17939a,2024-08-01,2024-08-01 08:00:00,8.0,low,152,4.0,False,
T-578a17,A-5790f4,2024-02-21,2024-02-24 00:00:00,72.0,low,133,,True,
T-454c29,A-c43359,2023-03-14,2023-03-15 22:00:00,46.0,urgent,176,,False,
T-a89311,A-44dc83,2023-11-07,2023-11-09 17:00:00,65.0,urgent,93,4.0,False,
T-82577a,A-56962b,2024-02-19,2024-02-19 13:00:00,13.0,low,117,,False,
T-ce4793,A-40906c,2024-11-01,2024-11-03 18:00:00,66.0,urgent,60,4.0,False,
T-d3800a,A-5a3eb9,2023-07-04,2023-07-05 03:00:00,27.0,urgent,49,,False,
T-772188,A-fda07f,2024-08-03,2024-08-03 10:00:00,10.0,urgent,68,5.0,False,
T-e58f06,A-7f4db3,2024-06-08,2024-06-09 05:00:00,29.0,high,155,3.0,True,
T-5ed6b6,A-d42431,2023-09-28,2023-09-28 10:00:00,10.0,urgent,176,,False,
T-9b56ac,A-69b156,2024-08-20,2024-08-20 22:00:00,22.0,medium,156,3.0,False,
T-133e5c,A-17939a,2023-08-16,2023-08-18 23:00:00,71.0,urgent,85,4.0,False,
T-cbdb70,A-f1f639,2023-11-12,2023-11-12 15:00:00,15.0,medium,167,,False,
T-016258,A-ed510f,2023-06-15,2023-06-17 03:00:00,51.0,low,48,,False,
T-ccab6b,A-adc1f3,2023-01-23,2023-01-25 22:00:00,70.0,high,129,,False,
T-a3d4db,A-0aaf6e,2023-02-09,2023-02-09 12:00:00,12.0,medium,38,,False,
T-61605e,A-671f31,2023-05-30,2023-05-31 01:00:00,25.0,medium,68,4.0,False,
T-0ae05a,A-7cfe77,2023-04-14,2023-04-14 01:00:00,1.0,medium,38,,False,
T-6a8698,A-117171,2023-09-14,2023-09-14 13:00:00,13.0,medium,59,3.0,False,
T-65b231,A-a6d261,2023-09-11,2023-09-13 14:00:00,62.0,low,137,5.0,True,
T-4f5aab,A-186a44,2024-06-08,2024-06-08 19:00:00,19.0,high,35,4.0,False,
T-de8424,A-f1f639,2023-12-29,2023-12-29 03:00:00,3.0,low,19,,False,
T-ec6d18,A-4e0e85,2024-09-30,2024-10-02 08:00:00,56.0,high,110,5.0,False,
T-699941,A-7d514c,2024-03-28,2024-03-29 19:00:00,43.0,urgent,23,,False,
T-3196fb,A-dfbd31,2024-10-25,2024-10-25 18:00:00,18.0,high,68,,False,
T-c50b96,A-149a69,2023-03-02,2023-03-03 07:00:00,31.0,urgent,141,,False,
T-399dc3,A-462d45,2024-12-15,2024-12-16 05:00:00,29.0,medium,127,,False,
T-d8b95c,A-82861f,2024-03-29,2024-03-29 06:00:00,6.0,urgent,5,4.0,False,
T-8ab508,A-0f7d77,2023-07-27,2023-07-27 13:00:00,13.0,high,82,,False,
T-c79d58,A-463db0,2024-12-24,2024-12-26 01:00:00,49.0,medium,32,4.0,False,
T-4f391f,A-86fc1d,2024-04-15,2024-04-15 09:00:00,9.0,high,59,,False,
T-fa6044,A-f1f639,2023-09-26,2023-09-26 19:00:00,19.0,high,124,5.0,False,
T-563a64,A-b9f5b1,2023-08-20,2023-08-21 01:00:00,25.0,medium,15,3.0,False,
T-c83359,A-9208f0,2023-07-17,2023-07-17 20:00:00,20.0,low,25,3.0,False,
T-47a586,A-c43359,2023-09-10,2023-09-10 02:00:00,2.0,high,43,4.0,False,
T-0721f7,A-a1b80b,2024-07-25,2024-07-26 12:00:00,36.0,low,15,5.0,False,
T-394a48,A-296d7c,2023-05-14,2023-05-16 19:00:00,67.0,low,170,,False,
T-9d7afa,A-86fc1d,2024-03-16,2024-03-16 19:00:00,19.0,urgent,30,,False,
T-f8e692,A-ed510f,2023-07-18,2023-07-19 02:00:00,26.0,low,110,4.0,False,
T-2e22ae,A-69b156,2023-02-11,2023-02-12 04:00:00,28.0,high,8,,False,
T-32884f,A-18793f,2023-08-09,2023-08-10 20:00:00,44.0,high,5,5.0,False,
T-9b7861,A-c16101,2023-08-29,2023-08-30 13:00:00,37.0,high,23,5.0,False,
T-9efe75,A-55f257,2024-07-12,2024-07-14 17:00:00,65.0,low,13,5.0,False,
T-e4d183,A-44dc83,2024-09-15,2024-09-16 00:00:00,24.0,low,6,5.0,False,
T-96c05e,A-02fac6,2023-09-16,2023-09-16 10:00:00,10.0,medium,53,,False,
T-7e7eb8,A-d77f4c,2024-06-30,2024-07-02 06:00:00,54.0,low,68,3.0,False,
T-ebb763,A-f44180,2024-04-08,2024-04-10 13:00:00,61.0,urgent,89,5.0,False,
T-5c2e35,A-034368,2023-01-11,2023-01-12 09:00:00,33.0,urgent,123,,False,
T-7a84fc,A-5a215a,2024-09-13,2024-09-14 00:00:00,24.0,low,4,5.0,False,
T-000c31,A-3ce5b8,2024-04-05,2024-04-05 21:00:00,21.0,urgent,65,,False,
T-f5f28c,A-9badbd,2024-09-07,2024-09-08 10:00:00,34.0,low,149,5.0,False,
T-173d0c,A-f1f639,2024-05-29,2024-05-30 17:00:00,41.0,high,19,5.0,False,
T-9cbdc5,A-c222ab,2024-10-28,2024-10-28 09:00:00,9.0,medium,18,,False,
T-7d5bb9,A-c58f49,2024-09-18,2024-09-20 04:00:00,52.0,urgent,31,,True,
T-a0d060,A-9208f0,2023-01-04,2023-01-04 12:00:00,12.0,low,18,,False,
T-34deb3,A-53f4e3,2024-05-16,2024-05-18 02:00:00,50.0,high,150,,False,
T-ba59c1,A-bbc346,2024-09-05,2024-09-07 03:00:00,51.0,medium,156,5.0,False,
T-de7b56,A-6f8ad2,2024-11-15,2024-11-17 11:00:00,59.0,medium,3,5.0,False,
T-810e51,A-eb7c38,2024-07-14,2024-07-14 05:00:00,5.0,low,83,4.0,False,
T-a8d3cc,A-e98302,2024-11-25,2024-11-26 18:00:00,42.0,urgent,57,4.0,False,
T-d23a9b,A-ad296b,2023-07-22,2023-07-23 07:00:00,31.0,urgent,95,5.0,False,
T-2626fb,A-67be94,2024-05-04,2024-05-04 14:00:00,14.0,high,168,,False,
T-279c10,A-1e6fc3,2023-07-09,2023-07-10 09:00:00,33.0,high,149,,False,
T-48d493,A-8145a0,2024-10-26,2024-10-27 15:00:00,39.0,medium,122,4.0,False,
T-ca5ab4,A-53f4e3,2024-09-24,2024-09-25 15:00:00,39.0,urgent,98,5.0,False,
T-245f39,A-e3bd71,2023-06-30,2023-06-30 19:00:00,19.0,urgent,105,,False,
T-a0a7fe,A-55f257,2023-02-27,2023-02-28 07:00:00,31.0,medium,160,,False,
T-8c66ed,A-7c83a1,2023-09-20,2023-09-22 17:00:00,65.0,low,38,4.0,False,
T-6e55e5,A-0f7d77,2023-06-05,2023-06-06 03:00:00,27.0,high,48,5.0,False,
T-8d611d,A-2e3bad,2023-02-08,2023-02-09 07:00:00,31.0,medium,125,3.0,False,
T-a7ddd2,A-1ac5e0,2023-03-29,2023-03-31 12:00:00,60.0,high,169,,False,
T-e44461,A-7f29a7,2024-07-08,2024-07-09 00:00:00,24.0,urgent,5,4.0,False,
T-b2d025,A-3793ee,2024-06-26,2024-06-27 20:00:00,44.0,low,176,,False,
T-662a1c,A-e19ff6,2023-02-01,2023-02-02 08:00:00,32.0,urgent,74,5.0,False,
T-a291f6,A-e98302,2023-09-28,2023-10-01 00:00:00,72.0,urgent,178,4.0,False,
T-bf9878,A-3ce5b8,2024-11-15,2024-11-17 19:00:00,67.0,urgent,15,3.0,False,
T-2166d3,A-aa9511,2023-01-11,2023-01-13 08:00:00,56.0,high,136,4.0,False,
T-7da6d5,A-781cc0,2024-12-17,2024-12-19 16:00:00,64.0,high,162,3.0,False,
T-5e536f,A-40906c,2024-10-21,2024-10-22 08:00:00,32.0,medium,91,,False,
T-411de2,A-c9bb3e,2023-09-27,2023-09-29 21:00:00,69.0,low,7,5.0,False,
T-5435e7,A-7c83a1,2024-04-10,2024-04-12 08:00:00,56.0,high,140,3.0,False,
T-3e6e13,A-e1462e,2024-08-02,2024-08-02 12:00:00,12.0,urgent,115,3.0,False,
T-d6f0ba,A-30b4ca,2024-05-15,2024-05-17 04:00:00,52.0,low,69,,False,
T-57d464,A-671f31,2023-11-07,2023-11-08 20:00:00,44.0,high,146,4.0,False,
T-c2f40f,A-1f0636,2024-08-22,2024-08-22 17:00:00,17.0,high,68,3.0,False,
T-6c2263,A-82861f,2024-09-14,2024-09-14 17:00:00,17.0,medium,150,3.0,False,
T-96ccc2,A-186a44,2024-12-30,2024-12-31 00:00:00,24.0,high,146,4.0,False,
T-04fe85,A-6f8ad2,2023-09-24,2023-09-24 06:00:00,6.0,high,121,4.0,False,
T-702e0f,A-96e141,2024-01-26,2024-01-27 22:00:00,46.0,high,17,4.0,False,
T-ca831e,A-9b9fe9,2024-12-21,2024-12-21 08:00:00,8.0,high,127,,False,
T-a617b9,A-1d5444,2024-06-01,2024-06-03 07:00:00,55.0,high,29,4.0,False,
T-0416e6,A-44dc83,2023-08-31,2023-09-01 11:00:00,35.0,high,120,5.0,False,
T-488392,A-bd4513,2024-12-30,2024-12-30 10:00:00,10.0,high,12,5.0,False,
T-f1d9e6,A-5a215a,2024-06-10,2024-06-10 18:00:00,18.0,medium,4,3.0,False,
T-9ac4b7,A-42b791,2023-04-05,2023-04-07 02:00:00,50.0,medium,20,,False,
T-a952c0,A-855a48,2023-04-18,2023-04-20 00:00:00,48.0,high,125,4.0,False,
T-2bafb7,A-7d514c,2024-12-07,2024-12-09 04:00:00,52.0,high,39,,False,
T-38dc90,A-6dee43,2023-02-05,2023-02-08 00:00:00,72.0,high,9,5.0,False,
T-9d2c2c,A-425e76,2024-03-05,2024-03-07 12:00:00,60.0,medium,50,,False,
T-88e515,A-1f0ac7,2023-04-09,2023-04-10 20:00:00,44.0,high,174,,False,
T-17e9a8,A-296d7c,2023-07-05,2023-07-07 23:00:00,71.0,low,118,4.0,False,
T-739439,A-67be94,2024-11-28,2024-11-29 05:00:00,29.0,high,32,3.0,False,
T-a5d583,A-462d45,2024-01-11,2024-01-12 12:00:00,36.0,high,111,,False,
T-a38b5d,A-fe79a5,2023-12-01,2023-12-02 10:00:00,34.0,low,32,,False,
T-3ff542,A-855a48,2024-07-10,2024-07-12 17:00:00,65.0,low,96,3.0,False,
T-7507e8,A-e83938,2023-08-10,2023-08-13 00:00:00,72.0,medium,26,,False,
T-9a1a87,A-671f31,2023-07-07,2023-07-08 07:00:00,31.0,high,32,5.0,False,
T-b386f0,A-5a3eb9,2024-04-08,2024-04-08 05:00:00,5.0,medium,129,,False,
T-0f97f5,A-7f4db3,2023-05-12,2023-05-12 19:00:00,19.0,low,153,3.0,False,
T-d6707b,A-7df7a7,2023-04-24,2023-04-26 02:00:00,50.0,high,5,5.0,False,
T-b7489a,A-71615e,2024-01-12,2024-01-14 01:00:00,49.0,medium,77,,False,
T-7dedc0,A-a8d89d,2024-03-26,2024-03-27 05:00:00,29.0,low,146,5.0,False,
T-bd44ab,A-bcf87c,2023-12-19,2023-12-21 08:00:00,56.0,medium,59,5.0,False,
T-c15cd8,A-e3bd71,2023-11-24,2023-11-26 06:00:00,54.0,medium,132,5.0,False,
T-08abd6,A-dfbd31,2023-03-07,2023-03-08 10:00:00,34.0,medium,72,3.0,False,
T-88aac2,A-c9bb3e,2023-12-09,2023-12-10 05:00:00,29.0,urgent,161,4.0,False,
T-65364e,A-5f7781,2024-05-26,2024-05-26 06:00:00,6.0,high,63,,False,
T-a28b90,A-b30291,2023-05-15,2023-05-15 16:00:00,16.0,urgent,1,,False,
T-3b0545,A-c16101,2023-03-10,2023-03-11 00:00:00,24.0,high,168,,False,
T-4291f4,A-1ac5e0,2024-05-21,2024-05-22 18:00:00,42.0,high,136,3.0,False,
T-0aacaa,A-671f31,2023-02-02,2023-02-03 02:00:00,26.0,urgent,22,,False,
T-8d7ff3,A-eb7fac,2023-09-15,2023-09-15 05:00:00,5.0,urgent,147,,False,
T-0374bc,A-f446b6,2023-12-06,2023-12-07 14:00:00,38.0,urgent,53,3.0,False,
T-d1723a,A-328bd0,2023-09-04,2023-09-04 08:00:00,8.0,medium,57,,False,
T-ced7f6,A-f1f639,2024-09-18,2024-09-18 19:00:00,19.0,low,27,5.0,False,
T-cc9f02,A-5790f4,2024-10-19,2024-10-20 06:00:00,30.0,urgent,80,,False,
T-678cb9,A-463db0,2023-02-08,2023-02-10 18:00:00,66.0,medium,39,4.0,False,
T-9bb4f6,A-7f4db3,2024-05-20,2024-05-20 08:00:00,8.0,medium,14,4.0,False,
T-a2dd12,A-18793f,2023-10-01,2023-10-02 09:00:00,33.0,high,168,4.0,False,
T-a661ac,A-9b9fe9,2023-11-30,2023-12-02 23:00:00,71.0,low,161,4.0,False,
T-04752b,A-9badbd,2023-03-08,2023-03-09 04:00:00,28.0,high,155,,False,
T-90e0e9,A-89ee83,2024-05-14,2024-05-16 03:00:00,51.0,medium,36,4.0,False,
T-eecc2f,A-c9bb3e,2024-12-05,2024-12-05 04:00:00,4.0,high,73,,False,
T-0a20f3,A-7f6b86,2023-07-03,2023-07-05 17:00:00,65.0,medium,156,3.0,False,
T-afb450,A-e83938,2024-05-22,2024-05-23 17:00:00,41.0,low,171,,False,
T-b8b946,A-cc1d8d,2024-04-09,2024-04-11 14:00:00,62.0,medium,126,,False,
T-035ec1,A-df10db,2024-09-11,2024-09-13 21:00:00,69.0,medium,127,3.0,False,
T-35cdd0,A-c16101,2024-08-31,2024-08-31 17:00:00,17.0,high,67,,False,
T-db8ee9,A-05f0e5,2024-06-06,2024-06-06 13:00:00,13.0,medium,58,4.0,False,
T-11a32d,A-94c3cd,2023-11-05,2023-11-07 06:00:00,54.0,urgent,86,,True,
T-0134fb,A-c16101,2024-12-08,2024-12-09 10:00:00,34.0,urgent,70,,True,
T-5cfb64,A-5a92e7,2024-08-15,2024-08-17 21:00:00,69.0,low,136,,False,
T-0b8b7d,A-3b5cd1,2023-04-18,2023-04-19 00:00:00,24.0,low,53,,False,
T-37b3f3,A-e40f45,2024-02-26,2024-02-26 21:00:00,21.0,high,132,5.0,False,
T-a96055,A-e43bf7,2024-11-27,2024-11-29 01:00:00,49.0,medium,9,4.0,False,
T-5faeda,A-92a333,2023-06-03,2023-06-03 04:00:00,4.0,high,55,,False,
T-37e292,A-ac14bb,2024-06-12,2024-06-13 04:00:00,28.0,low,38,4.0,False,
T-4c0c16,A-6dee43,2024-07-19,2024-07-21 21:00:00,69.0,urgent,108,,False,
T-2873de,A-10b8f2,2024-01-31,2024-01-31 12:00:00,12.0,low,59,3.0,False,
T-39424e,A-ccc747,2024-08-05,2024-08-05 05:00:00,5.0,medium,137,,True,
T-ba2219,A-463db0,2023-04-24,2023-04-26 10:00:00,58.0,urgent,179,,True,
T-ae3a16,A-186a44,2024-06-19,2024-06-21 03:00:00,51.0,low,97,,False,
T-31cd64,A-eb7c38,2023-02-13,2023-02-14 17:00:00,41.0,urgent,33,4.0,False,
T-814d7e,A-313be3,2024-11-09,2024-11-10 15:00:00,39.0,low,141,5.0,True,
T-ad5807,A-443b7c,2023-01-24,2023-01-24 14:00:00,14.0,high,14,,False,
T-7af423,A-149a69,2024-08-28,2024-08-28 09:00:00,9.0,medium,172,4.0,False,
T-b2925a,A-eb7fac,2024-01-15,2024-01-17 23:00:00,71.0,low,172,,False,
T-e3507b,A-e98302,2023-02-28,2023-02-28 14:00:00,14.0,high,95,4.0,False,
T-88abc2,A-ad64c6,2024-10-13,2024-10-13 12:00:00,12.0,high,159,,False,
T-2fa50a,A-b9f5b1,2023-02-10,2023-02-11 13:00:00,37.0,medium,17,4.0,False,
T-b77fc1,A-558c72,2023-05-10,2023-05-12 18:00:00,66.0,high,83,,False,
T-42c4fb,A-17939a,2023-08-18,2023-08-18 08:00:00,8.0,urgent,50,,False,
T-ca2383,A-81edc3,2024-05-20,2024-05-22 12:00:00,60.0,high,79,5.0,False,
T-0111f8,A-96e141,2024-04-15,2024-04-15 23:00:00,23.0,high,95,5.0,False,
T-d82e4d,A-f446b6,2023-06-29,2023-07-01 03:00:00,51.0,urgent,120,,False,
T-9d8a29,A-c222ab,2024-07-16,2024-07-17 13:00:00,37.0,urgent,131,,False,
T-cd3896,A-17939a,2024-05-14,2024-05-15 02:00:00,26.0,high,35,5.0,False,
T-b52677,A-53f4e3,2023-03-11,2023-03-11 06:00:00,6.0,high,138,3.0,False,
T-056a79,A-c43359,2024-05-23,2024-05-24 08:00:00,32.0,urgent,103,,False,
T-ed12da,A-702032,2023-03-30,2023-03-31 12:00:00,36.0,medium,34,3.0,False,
T-b3f296,A-05f0e5,2023-10-04,2023-10-04 11:00:00,11.0,high,91,4.0,False,
T-2bec1c,A-6dee43,2024-11-07,2024-11-07 15:00:00,15.0,high,51,,False,
T-8e58b9,A-cc1d8d,2024-08-06,2024-08-06 03:00:00,3.0,high,106,4.0,False,
T-9f4e20,A-7a0d69,2024-07-04,2024-07-05 12:00:00,36.0,urgent,83,,False,
T-a65795,A-d77f4c,2023-06-30,2023-06-30 08:00:00,8.0,urgent,82,5.0,False,
T-d552c8,A-94f8c9,2024-02-21,2024-02-21 22:00:00,22.0,urgent,93,5.0,False,
T-c1b39d,A-92a333,2024-06-05,2024-06-06 20:00:00,44.0,low,103,,True,
T-721dbc,A-53f4e3,2023-10-13,2023-10-13 12:00:00,12.0,urgent,54,,False,
T-115c3c,A-95b24a,2024-02-01,2024-02-01 09:00:00,9.0,medium,162,5.0,False,
T-3d0cfa,A-1e6fc3,2023-04-15,2023-04-15 23:00:00,23.0,urgent,50,3.0,False,
T-ac71c9,A-186a44,2024-01-18,2024-01-18 08:00:00,8.0,high,155,3.0,False,
T-b5fa1f,A-44dc83,2023-10-07,2023-10-07 16:00:00,16.0,medium,57,,False,
T-79d436,A-05f0e5,2023-01-25,2023-01-25 20:00:00,20.0,high,177,4.0,False,
T-8da35c,A-7f4db3,2023-03-14,2023-03-14 15:00:00,15.0,urgent,60,3.0,False,
T-611dd3,A-44dc83,2024-03-02,2024-03-04 11:00:00,59.0,high,169,5.0,False,
T-12a740,A-87aa7b,2024-12-29,2024-12-29 22:00:00,22.0,urgent,147,,False,
T-10fc64,A-7f4db3,2024-08-09,2024-08-09 12:00:00,12.0,medium,75,,False,
T-d5f42b,A-18793f,2023-10-11,2023-10-13 18:00:00,66.0,low,81,3.0,False,
T-d895b8,A-ed510f,2023-05-04,2023-05-05 08:00:00,32.0,low,45,3.0,False,
T-7905fa,A-55f257,2023-12-10,2023-12-11 19:00:00,43.0,low,175,,False,
T-4a53fe,A-e40f45,2024-07-12,2024-07-14 01:00:00,49.0,low,153,,False,
T-0238f9,A-443b7c,2024-07-19,2024-07-19 05:00:00,5.0,medium,81,4.0,False,
T-fcfcf7,A-89ee83,2024-02-13,2024-02-13 05:00:00,5.0,low,82,4.0,False,
T-ce0f83,A-296d7c,2024-07-24,2024-07-27 00:00:00,72.0,urgent,68,3.0,False,
T-5752a2,A-95b24a,2023-07-18,2023-07-19 23:00:00,47.0,urgent,82,4.0,False,
T-e11f4e,A-92a333,2023-11-18,2023-11-18 20:00:00,20.0,medium,64,,False,
T-bbad1e,A-3793ee,2023-11-23,2023-11-25 04:00:00,52.0,low,178,,False,
T-2b3584,A-f9cc74,2024-02-14,2024-02-15 09:00:00,33.0,low,120,5.0,False,
T-922d49,A-7f6b86,2024-12-20,2024-12-21 07:00:00,31.0,urgent,114,4.0,False,
T-e7e186,A-443b7c,2024-02-27,2024-02-29 12:00:00,60.0,urgent,91,,False,
T-5bc279,A-443b7c,2023-03-22,2023-03-22 23:00:00,23.0,urgent,18,5.0,False,
T-71d508,A-9b9fe9,2023-06-15,2023-06-15 22:00:00,22.0,low,180,5.0,False,
T-e3c91a,A-d3c88e,2023-04-29,2023-05-02 00:00:00,72.0,high,16,4.0,False,
T-91c983,A-dfbd31,2023-05-23,2023-05-23 03:00:00,3.0,high,177,5.0,False,
T-NIM001,A-NIMBUS,2024-12-20,,0,high,120,2.0,True,Dashboard crashes when loading large datasets
T-NIM002,A-NIMBUS,2024-12-22,,0,urgent,180,2.0,True,Export feature not working for 3 weeks
T-NIM003,A-NIMBUS,2024-12-28,,0,high,90,1.0,False,API response times degraded significantly
T-NIM004,A-NIMBUS,2025-01-02,,0,medium,150,2.0,False,Team unable to complete onboarding workflow
T-ORI001,A-ORION,2024-12-15,2024-12-16 10:00:00,34.0,high,45,1.0,False,Performance issues compared to competitors. Team is evaluating competitor solutions.
T-ORI002,A-ORION,2024-12-28,,0,urgent,200,2.0,True,Critical workflow broken - considering alternative platforms
T-ORI003,A-ORION,2024-12-20,,0,high,90,1.5,True,Missing features that competitors have. Evaluating other options.
